{"stat.drop.minecraft.red_flower":2,"stat.drop.minecraft.jukebox":1,"stat.flyOneCm":47237,"stat.walkOneCm":3346,"stat.drop":8,"stat.jump":11,"stat.pickup.minecraft.egg":1,"stat.playOneMinute":74029,"stat.pickup.minecraft.red_flower":2,"stat.killEntity.Chicken":1,"stat.sneakTime":131,"stat.drop.minecraft.monster_egg":4,"stat.drop.minecraft.tallgrass":1,"stat.damageDealt":40,"stat.crouchOneCm":337,"stat.pickup.minecraft.glass":13,"stat.timeSinceDeath":74029,"stat.drop.minecraft.egg":1,"stat.mobKills":1,"stat.useItem.minecraft.stone_slab2":13,"stat.drop.spatialcrafting.x3crafter_block":1,"stat.drop.spatialcrafting.x2crafter_block":1,"stat.drop.minecraft.glass":13}